precs,
precs,
precs,
precs,
precs,
preus,
preus,
preus,
preus,
preus,
training,
training,
training,
training,
training,
training,
probe,
training,
training,
training,
probe,
training,
training,
training,
training,
training,
training,
training,
training,
training,
training,
training,
training,
training,
training,
training,
training,
training,
probe,
training,
training,
training,
training,
probe,
training,
training,
training,
training,
training,
training,
training,
training,
training,
training,
training,
training,
training,
probe,
training,
training,
training,
training,
training,
training,
probe,
training,
training,
training,
training,
training,
test,
test,
test,
test,
test,
test,
test,
test,
test,
test,
